sample_ID,profile_url,unified_Id,internal_ID,Annotator_1,Annotator_2,Processed_Annotator_1,Processed_Annotator_2
0,https://github.com/brunnurs/,78268,78267,"""software-engineering, Programming,  coding, python, tensorflow, java, BERT, LSTM, JavaScript, AngularJS, C#, Git, Objective-C, Machine-Learning, Deep-Learning, NLP, text-processing,  ReactJS, data-science, entity-matching, coding""","""python, ionic, tensorflow, jupyter_notebook, java, html5, git, c#, unity, JavaScript,angular, objective-c, ruby, api, bert, binary_classification, deep_learning, entity_text_matching, react, redux""",software_engineering;programming;coding;python;tensorflow;java;bert;lstm;javascript;angularjs;c#;git;objective_c;machine_learning;deep_learning;nlp;text;processing;reactjs;data_science;entity;matching;coding;,python;ionic;tensorflow;jupyter_notebook;java;html;git;c#;unity;javascript;angular;objective_c;ruby;api;bert;binary;classification;deep_learning;entity;text;matching;react;redux;
1,https://github.com/whiteinge/,69562,69561,"software-engineering, Programming,  coding, shell-script, makefile, linux, vim-script, TypeScript, python, JavaScript, salt-ui, DOM, RxJS, tmux, html, web-development, front-end, git, chrome-extension-development, ReactJS","""javascript, react, npm, devops, jest, babel, git, travis_ci, hammerspoon, tmux, vim, zsh, cabal, haskell, python, wget, xterm, fedora, homebrew, tidy_html""",software_engineering;programming;coding;shell;script;makefile;linux;vim_script;typescript;python;javascript;salt;ui;dom;rxjs;tmux;html;web_development;front_end;git;chrome;extension;development;reactjs;,javascript;react;npm;devops;jest;babel;git;travis;ci;continuous;integration;hammerspoon;tmux;vim;zsh;cabal;haskell;python;wget;xterm;fedora;homebrew;tidy;html;
2,https://github.com/Gabriel439/,670,669,"""software-engineering, Programming,  Haskell, dhall, shell, Nix, java, ruby, html, Python, Scala, C, C++, object-oriented-programming, CSS, functional-programming, Haskell-libraries, postres-sql, Apache-airflow, wireshark""","""haskell, morte_library, dhall_lang, homebrew, mac_os, kubernetes, helm, nix_os, go, hackage, shell_programming, nix, functional_programming, operating_systems, postgres, sql, airflow, python, scala, sbt""",software_engineering;programming;haskell;dhall;shell;nix;java;ruby;html;python;scala;c;c++;object;oriented;programming;css;functional_programming;haskell;libraries;postres;sql;apache;airflow;wireshark;,haskell;morte;library;dhall;language;homebrew;mac_os;kubernetes;helm;nix;os;go;hackage;shell;programming;nix;functional_programming;operating;systems;postgres;sql;airflow;python;scala;sbt;
3,https://github.com/davideicardi/,19691,19690,"""software-engineering, Programming,  C#, Javascript, typescript, nodejs, scala, java, go, html, shell, Mongoosejs, search-crawler, nestor, mongodb, mqtt-client, npm, http-client, NGINX, Alpakka""","""C#, JavaScript, web_scraping, nodejs, mongodb, express_js, typescript, wget, http, vue, mqtt, dependency_injection,  npm, scala, akka, actor, react, nginx, go, alpakka""",software_engineering;programming;c#;javascript;typescript;nodejs;scala;java;go;html;shell;mongoosejs;search;crawler;nestor;mongodb;mqtt;client;npm;http;client;nginx;alpakka;,c#;javascript;web;scraping;nodejs;mongodb;expressjs;typescript;wget;http;vue;mqtt;dependency;injection;npm;scala;akka;actor;react;nginx;go;alpakka;
4,https://github.com/jstray/,39364,39363,"""journalism, Programming, jupyter-notebook, data-science, python, javascript, html, R, data-analysis, machine-learning, cluster-analysis, artificial-intelligence, Computational-Journalism, pandas, data-extraction, natural-language-processing, text-processing, keras, tensorflow, algorithms""","""python, data_extraction, jupyter_notebook, computational_journalism, html, css, javaScript, d3, data_visualization, data_analysis, r_lang, web_scriping, graph_analysis, nlp, ai, journalism, git, clustering, regression, statistics""",journalism;programming;jupyter_notebook;data_science;python;javascript;html;r;data_analysis;machine_learning;cluster;analysis;artificial_intelligence;computational;journalism;pandas;data;extraction;natural;language;processing;text;processing;keras;tensorflow;algorithms;,python;data;extraction;jupyter_notebook;computational;journalism;html;css;javascript;d3;data_visualization;data_analysis;r;web;scraping;graph;analysis;nlp;ai;journalism;git;clustering;regression;statistics;
5,https://github.com/reaperhulk/,60065,60064,"""software-engineering, Programming, C, python, ruby , html, powershell, cpython, java, TLS, SSL, makefile, shell, objective-C, Go, Clojure, cryptography, ruby, rust""","""cryptography, python, NaCi, networking, bcyrpt, security, infra, open_ssl, oss_fuzz, homebrew, algorithms, propery_base_testing, cpython, azure, c, Java, urllib3, html, vorbis, tls"" ",software_engineering;programming;c;python;ruby;html;powershell;cpython;java;tls;ssl;makefile;shell;objective_c;go;clojure;cryptography;ruby;rust;,cryptography;python;naci;networking;bcyrpt;security;infra;open;ssl;oss;fuzz;homebrew;algorithms;propery;base;testing;cpython;azure;c;java;urllib3;html;vorbis;tls;
6,https://github.com/smarx/,71303,71302,"""software-engineering, Programming, html, javascript, go, python, lua, perl, java, C#, Ruby, shell, scala, Nodejs, .NET, windows-azure, Ethereum, dropbox-api, Xamarin, genesis""","""python, c#, azure, cloud, testing, performance_testing, dot_net, javascript, networking, scala, play, windows, distributed_ledger_technology, smart_contract, html, ethereum, node_js, api, stone,  java""",software_engineering;programming;html;javascript;go;python;lua;perl;java;c#;ruby;shell;scala;nodejs;dot_net;windows;azure;ethereum;dropbox;api;xamarin;genesis;,python;c#;azure;cloud;testing;performance;testing;dot_net;javascript;networking;scala;play;windows;distributed;ledger;technology;smart;contract;html;ethereum;nodejs;api;stone;java;
7,https://github.com/eric-wieser/,80551,80550,"""software-engineering, Programming, numpy, C, python, C++, Rust, Javascript, shell, Erlang, github, smarty, data-extraction, scipy, C#, Arduino, TeX, ReStructuredText, matlab, jupyter-notebook""","""c, numpy, css, python, c++, nanonpb, adruino, latex, sublime, pygae, visualization, ganja_js, shell, erlang, matplotlib, javascript, lua, cython, scipy, git""",software_engineering;programming;numpy;c;python;c++;rust;javascript;shell;erlang;github;smarty;data;extraction;scipy;c#;arduino;tex;restructuredtext;matlab;jupyter_notebook;,c;numpy;css;python;c++;nanonpb;adruino;latex;sublime;pygae;visualization;ganja;shell;erlang;matplotlib;javascript;lua;cython;scipy;git;
8,https://github.com/mrdwab/,54912,54911,"""software-engineering, Programming, R, Rshiny, Data-pre-processing, exploratory-data-analysis, data-science, stata, KoBoToolbox, statistical-computing, machine-learning, R-functions, R-packages, web-design, data-analysis, data-collection, software-documentation, project-management, Inkspace, education-technology""","""r_lang, html, web, mobile, scripting, data_processing, batchfile, shiny, visualization, data_science, data_processing, shell, javascript, pandoc, data_frames, stata, api, cran, r_packages, r_modules""",software_engineering;programming;r;rshiny;data;pre;processing;exploratory;data_analysis;data_science;stata;kobotoolbox;statistical;computing;machine_learning;r;functions;r;packages;web_design;data_analysis;data;collection;software;documentation;project;management;inkspace;education;technology;,r;html;web;mobile;scripting;batchfile;shiny;visualization;data_science;data;processing;shell;javascript;pandoc;dataframe;data;frame;stata;api;cran;r;packages;r;modules;
9,https://github.com/Freyert/,27486,27485,"""software-engineering, Programming, javascript, python, api-wrapper, data-structure, nodejs, git, sql, sass, backbone.js, C, Wordpress, database, computer-organization, java, css, ruby, go, scala""","""javascript, jquery, mongodb, express, angular, npm, node_js, python, terraform, ruby, ethereum, grafana, istio, cloud, kubernetes, helm, google_cloud, go, ethererum,  java""",software_engineering;programming;javascript;python;api;wrapper;data;structure;nodejs;git;sql;sass;backbonejs;c;wordpress;database;computer;organization;java;css;ruby;go;scala;,javascript;jquery;mongodb;express;angular;npm;nodejs;python;terraform;ruby;ethereum;grafana;istio;cloud;kubernetes;helm;google;cloud;go;ethererum;java;
10,https://github.com/fish2000/,26497,26496,"""Image Processing, Python, C++, C, Ruby, HTML, Shell, Objective-C, Swift, Java Script, Java, Apache Conf, Haskell, CSS,  Django, PostgreSQL, SQLite,  Nginx, Angular, Fortran""","""Python, image processing, C++, parallel computation""",image_processing;python;c++;c;ruby;html;shell;objective_c;swift;javascript;java;apache;conf;haskell;css;django;postgresql;sqlite;nginx;angular;fortran;,python;image_processing;c++;parallel;computation;
11,https://github.com/schani/,49093,49092,"""TypeScript, Rust, C, OCaml, JavaScript, Swift, Clojure, Python, PureScript, Forth, Scheme, C#, Go, C++, Coffescript, Ruby, Pearl, F#,  Common Lisp, Shell"" ","""C, Perl, Cjour, binary search, scheme, linear search, HTML, image processing, javascript, FlameGraph, Deep learning, machine learning, C#, json, javascript""",typescript;rust;c;ocaml;javascript;swift;clojure;python;purescript;forth;scheme;c#;go;c++;coffeescript;ruby;pearl;f#;common;lisp;shell;,c;perl;cjour;binary;search;scheme;linear;search;html;image_processing;javascript;flamegraph;deep_learning;machine_learning;c#;json;javascript;
12,https://github.com/dspinellis/,20089,20088,"""Ruby, CSS, javaScript, Shell, Java, Tex, Python, C, C++, Puppet, Perl, Makefile, HTML, Roff, Assembly, Typescript, PHP, unix, DJango, LaTex""","""perl, C, C++, Ruby, Machine learning. quality matrix, CSS, javascript, java, uml, unix, uml diagram, cmd, data mining, python, HTML""",ruby;css;javascript;shell;java;tex;python;c;c++;puppet;perl;makefile;html;roff;assembly;typescript;php;unix;django;latex;,perl;c;c++;ruby;machine_learning.;quality;matrix;css;javascript;java;uml;unix;uml;diagram;cmd;data;mining;python;html;
13,https://github.com/aaronchall/,2016,2015,"""Tex, Javascript, Emacs Lisp, Python,CSS, XSLT, Haskell, html, Makefiile, C++, Ruby, Linux, data structures, Statistical functions, R, Deep Learning,  CSS, JS,  Apache, SQL""","""Python, pandas, matplotlib, javascript, jupyter notebook, linux, data sceince, machine learning, C, haskel module, webapplication, HTML""",tex;javascript;emacs_lisp;python;css;xslt;haskell;html;makefile;c++;ruby;linux;data_structures;statistical;functions;r;deep_learning;css;javascript;apache;sql;,python;pandas;matplotlib;javascript;jupyter_notebook;linux;data_science;machine_learning;c;haskel;module;web_application;html;
14,https://github.com/thiloplanz/,75274,75273,"""Java, API Blueprint, Scala, TypeScript, JavaScript, Go, C, Objective-C, R, MongoDB, FyreVM, sHint, CssLint, JsMin, Google Closure compressor, YUI Compressor, UglifyJs, Dojo Shrinksafe, Css Variables , Apache Cordova""","""Java, mongoDB, API, Scala, Apache Spark, Web Assembly, TypeScript, C, CSS, OpenSource projects, Data analysis, R, exploratory analysis, Data plotting""",java;api;blueprint;scala;typescript;javascript;go;c;objective_c;r;mongodb;fyrevm;shint;csslint;jsmin;google;closure;compressor;compressor;uglifyjs;dojo;shrinksafe;css;variables;apache;cordova;,java;mongodb;api;scala;apache;spark;web;assembly;typescript;c;css;opensource;projects;data_analysis;r;exploratory;analysis;data;plotting;
15,https://github.com/vimalloc/,44673,44672,"""Elixir, Python, JavaScipt, Haskell, C++, Rust, Ruby, Java, C, Image Processing, SDL, FastAPI, DynamoDB, SQL, CSS,  JWT,JSON, OAuth2, Swagger, Git lab""","""Python, Java, Haskell, UI, image processing, openAPI, linux, C++, Weechat app, image processing, Ruby""",elixir;python;javascipt;haskell;c++;rust;ruby;java;c;image_processing;sdl;fastapi;dynamodb;sql;css;jwt;json;oauth;swagger;git;lab;,python;java;haskell;ui;image_processing;openapi;linux;c++;weechat;app;ruby;
16,https://github.com/heruan/,31505,31504,"""Java, JavaScript, TypeScript, HTML, C, CSS, Scala, Spring boot, HTTP, JAX-RS, GraphQL, Apache,SQL, jQuery, PHP, IDE framework , Spring Boot, Node.js, Linux,  Angular""","""Java, HTML, Spring Security, API, Web application, graphql, javascript, tooltip""",java;javascript;typescript;html;c;css;scala;spring;boot;http;jax;rs;graphql;apache;sql;jquery;php;ide;framework;spring;boot;nodejs;linux;angular;,java;html;spring;security;api;web_application;graphql;javascript;tooltip;
17,https://github.com/runn1ng/,42053,42052,"""Python, HTML, JAVASCRIPT""","""HTML, game development,  javascript""",python;html;javascript;,html;game;development;javascript;
18,https://github.com/devth/,77351,77350,"""Clojure, Dockerfile, CSS, Ruby, Vim Script, HTML, Type Script, JavaScript, PHP, Shell, Smarty, C++, Go, Haskell, Python, Obective-C, Java, Scala, Swift, Django""","""Javascript, CSS, HTML, TypeScript, C++, Clojure""",clojure;dockerfile;css;ruby;vim_script;html;typescript;javascript;php;shell;smarty;c++;go;haskell;python;obective;c;java;scala;swift;django;,javascript;css;html;typescript;c++;clojure;
19,https://github.com/MrCoder/,23190,23189,"""Vue, Typescripct, Java, PHP,  CSS, HTML, CoffeeScript, ApacheConf, Objective- C, C, Angular JS, Code Review, SQL, Nodejs, Spaced repeitition algorithms, Cybernetics, C#, Cloud Development, GIT""","""Java, PHP, web development, HTML, CSS, UML""",vue;typescript;java;php;css;html;coffeescript;apacheconf;objective;c;c;angularjs;code;review;sql;nodejs;spaced;repetition;algorithms;cybernetics;c#;cloud;development;git;,java;php;web_development;html;css;uml;
20,https://github.com/khanmurtuza/,42828,42827,"""Java, android, Bluetooth, tdd, image loading, gradle, maven, proguard, OkHttp, Volley, travis, action bar design, email, image caching, smooth scrolling, communication, scraper, web,  media management, media decoding""","""java,bluetooth,android,API,TDD,mobility,UI,UX,webscraping,spring,JSP,REST,JSON,web development,HTML5,javascript,kotlin,RxJava,J2EE,XML""
",java;android;bluetooth;tdd;image;loading;gradle;maven;proguard;http;volley;travis;action;bar;design;email;image;caching;smooth;scrolling;communication;scraper;web;media;management;media;decoding;,java;bluetooth;android;api;tdd;mobility;ui;ux;web;scraping;spring;jsp;rest;json;web_development;html;javascript;kotlin;rxjava;j2ee;xml;
21,https://github.com/basgys/,9293,9292,"""Go, javascript, shell, python, objective-c, ruby, docker, dokku, intelligence automation, ssl, Semantic Versioning, guard, Ruby and Rails, ImageMagick, redis, Sinatra app, MailChimp, html, couchbase, Electron""","""Go,javascript,shell,python,objective-c,ruby,XML,REST,docker,PAAS,couchbase,xml,json,git,mysql,software design,kubernetes,react,redux,gRPC""
",go;javascript;shell;python;objective_c;ruby;docker;dokku;intelligence;automation;ssl;semantic;versioning;guard;ruby;rails;imagemagick;redis;sinatra;app;mailchimp;html;couchbase;electron;,go;javascript;shell;python;objective_c;ruby;xml;rest;docker;paas;couchbase;xml;json;git;mysql;software_development;kubernetes;react;redux;grpc;
22,https://github.com/geon/,78978,78977,"""Typescript, c, c++, javascript, Haskell, css, objective-c, ruby, php, shell, neural networks, Canvas, Node.js, game, Less, bidirectional path tracing, gloss, cornell box, ios, jade""","""javascript,typescript,C,C++,Haskell,CSS,Objective-C,Ruby,PHP,backbone-js,HTML,Git,Web development,UI,ASCII,UX,database,Evolving neural networks,WebGL,d3""
",typescript;c;c++;javascript;haskell;css;objective_c;ruby;php;shell;neural;networks;canvas;nodejs;game;less;bidirectional;path;tracing;gloss;cornell;box;ios;jade;,javascript;typescript;c;c++;haskell;css;objective_c;ruby;php;backbonejs;html;git;web_development;ui;ascii;ux;database;evolving;neural;networks;webgl;d3;
23,https://github.com/danieliser/,18599,18598,"""Php, javascript, css, glsl, WordPress, Beaver Builder, Beaver Themer, analytics, split testing, cors, Unity3D, jQuery, html, AJAX, Popup Maker, google optimize, csv, jquery, game, edd""","""PHP,javascript,CSS,OpenGL,jQuery,Wordpress,REST,E-Commerce,SEO,Digital Marketing,Social media marketing,Kotlin,Shell,TSQL,databases,Vagrant,React,NPM,Google Analytics,OOPS""
",php;javascript;css;glsl;wordpress;beaver;builder;beaver;themer;analytics;split;testing;cors;unity3d;jquery;html;ajax;popup;maker;google;optimize;csv;jquery;game;edd;,php;javascript;css;opengl;jquery;wordpress;rest;ecommerce;seo;digital;marketing;social;media;marketing;kotlin;shell;tsql;databases;vagrant;react;npm;google_analytics;
24,https://github.com/ArtemGr/,7859,7858,"""Rust, shell, typescript, docker, Application Binary Interface, mqtt, SMTP, Vuepress, node.js, yarn, html, PostgreSQL, rest, Gnuplot, WebSocket, encryption, certificate, php, hacking, Clang""","""Rust ,C++,PostgreSQL,Shell,Javascript,C,python,SMTP,Networks,API,JSON,RPC,Ethereum,typescript,MQTT,SCGI,Gnuplot,Websockets,IMAP,Serialization""",rust;shell;typescript;docker;application;binary;interface;mqtt;smtp;vuepress;nodejs;yarn;html;postgresql;rest;gnuplot;websocket;encryption;certificate;php;hacking;clang;,rust;c++;postgresql;shell;javascript;c;python;smtp;networks;api;json;rpc;ethereum;typescript;mqtt;scgi;gnuplot;websockets;imap;serialization;
25,https://github.com/rec/,76643,76642,"""Python, emacs lisp, shell, c++, max, javascript, css, c, lua, java, kivy, animation, PixelWeb, maps filtering, BiblioPixel, Node.js, cython, music server, websocket, hacking""","""Python ,C++,Emacs Lisp,Shell,API,RAD,bash,Sort,git,UI,File IO,EPUB2,EPUB3,MIDI,C,Parsers,UTF8 encoding,bootstrap,CSS,Cython""
",python;emacs_lisp;shell;c++;max;javascript;css;c;lua;java;kivy;animation;pixelweb;maps;filtering;bibliopixel;nodejs;cython;music;server;websocket;hacking;,python;c++;emacs_lisp;shell;api;rad;bash;sort;git;ui;file;io;epub;midi;c;parsers;utf8;encoding;bootstrap;css;cython;
26,https://github.com/jacktasia/,34446,34445,"""Python, emacs lisp, shell, java, go, javascript, ruby, coffeescript, html, php, Cassandra, react, AngularJS, Rails, Artificial Intelligence, game, scala, storm, Leiningen, computer vision""","""Emacs Lisp,python,java,Go,Shell,javascript,ruby,coffee-script,HTML,PHP,Regular Expressions,SQL,XHTML,AWS,AJAX,Git,XML,Emacs,Web development,web services""
",python;emacs_lisp;shell;java;go;javascript;ruby;coffeescript;html;php;cassandra;react;angularjs;rails;artificial_intelligence;game;scala;storm;leiningen;vision;,emacs_lisp;python;java;go;shell;javascript;ruby;coffee;script;html;php;regular;expressions;sql;xhtml;aws;ajax;git;xml;emacs;web_development;web;services;
27,https://github.com/danbst/,2120,2119,"""Shell, nix, python, powershell, c++, css, ruby, perl, OpenSCAD, hml, Jupyter Notebook, c, rust, go, assembly, Haskell, Clojure, Objective-C, Django, R""","""C++,C,C#,CSS,Ruby,Pearl,Nix ,HTML,Java,SQL,Python,XML,PHP,MySQL,Subversion,ActionScript,Rust,Go,TeX,Haskell""
",shell;nix;python;powershell;c++;css;ruby;perl;openscad;hml;jupyter_notebook;c;rust;go;assembly;haskell;clojure;objective_c;django;r;,c++;c;c#;css;ruby;pearl;nix;html;java;sql;python;xml;php;mysql;subversion;actionscript;rust;go;tex;haskell;
28,https://github.com/qwtel/,25579,25578,"""javascript, es6, react, service workers, progressive Web Apps, rxjs, web components, functional programming, clojurescript, animations, performance profiling, flame charts, static sites, jekyll, netlify, responsive design, css, html, vim, node.js""","""Typescript,Nodejs,CSS,Python,Javascript,Ruby,HTML,Java,webpack,Stencil,Clojure,CoffeeScript,TeX,Lua,ReactJS,Scala,C++,Animation,ShellScript,Rust""
",javascript;es6;react;service;workers;progressive;web;apps;rxjs;web;components;functional_programming;clojurescript;animations;performance;profiling;flame;charts;static;sites;jekyll;netlify;responsive;design;css;html;vim;nodejs;,typescript;nodejs;css;python;javascript;ruby;html;java;webpack;stencil;clojure;coffeescript;tex;lua;reactjs;scala;c++;animation;shell;script;rust;
29,https://github.com/rosenfeld/,66540,66539,"""CoffeeScript, JavaScript, Ruby, Vim script, rails, React, ES6, html, css, docker, mail, C, jQuery, Rails Asset Pipeline, performance management system, PostgreSQL, rabbitmq, Shiro, cache, groovy""
","""Ruby,Ruby on Rails,Python,Java,Git,Vim script,ASP,JQuery,HTML,MySQL,CoffeeScript,JRuby,RSpec,grails,Nginx,Solr,Knockout.js,PostgreSQL,Javscript,Linux""
",coffeescript;javascript;ruby;vim_script;rails;react;es;html;css;docker;mail;c;jquery;rails;asset;pipeline;performance;management;system;postgresql;rabbitmq;shiro;cache;groovy;,ruby;python;java;git;vim_script;asp;jquery;html;mysql;coffeescript;jruby;rspec;grails;nginx;solr;knockoutjs;postgresql;javascript;linux;
30,https://github.com/tpetricek/,76727,76726,"""data_exploration, F#, data_science, javascript, python, C, histogram , HTML, Powershell, R, .net, machine_learning, functional_programming, web_dev, clustering, web_applications, modelling, AI, testing, time_series""","""F#,AI,ASP.NET,Giraffe, Visual F#,JAVASCRIPT,HTML,POWERSHELL,R,JUPYTER NOTEBOOK,TYPESCRIPT,C#,TEX,SHELL,CSS,HASKELL, AZURE NOTEBOOK,PYTHON,C""",data;exploration;f#;data_science;javascript;python;c;histogram;html;powershell;r;dot_net;machine_learning;functional_programming;web_development;clustering;web_applications;modelling;ai;testing;time;series;,f#;ai;asp;dot_net;giraffe;visual;f#;javascript;html;powershell;r;jupyter_notebook;typescript;c#;tex;shell;css;haskell;azure;notebook;python;c;
31,https://github.com/1999/,33504,33503,"""Javascript, typescript, indexedDB, node.js, couchDB, dep.js, Apollo, mocha, UI_testing,Parallel_processing,  preact, react, vanillaJS, graph_ql, YAML, web_dev, terminal, redux, development, CLI""","""TYPESCRIPT,JAVASCRIPT,DOCKERFILE,HTML,C++,SHELL,PHP,NODE.JS,NODEJS,COUCHDB,MOCHA,DOCKERFILE,JSON,REACT,MONGODB,JQUERY,CLI,JSON""",javascript;typescript;indexed;db;indexeddb;nodejs;couchdb;depjs;apollo;mocha;ui;testing;parallel;processing;preact;react;vanillajs;graph;ql;graphql;yaml;web_development;terminal;redux;development;cli;,typescript;javascript;dockerfile;html;c++;shell;php;nodejs;couchdb;mocha;dockerfile;json;react;mongodb;jquery;cli;json;
32,https://github.com/nyurik/,82479,82478,"""javascript, go,memory_optimization, shell, python, ruby, Ruby, node.js, visualization, restful, Search_Engine, HTML, CSS, docker, mediawiki, development, tileserver, kibana, DevOPS, Programming""","""POSTGRESQL,JAVASCRIPT,PLpgSQL,PYTHON,GO,SHELL,RUBY,JAVA,CSS,DOCKERFILE,GO, TYPESCRIPT,HTML,LUA,C++,PHP,PLSQL,C#""",javascript;go;memory;optimization;shell;python;ruby;nodejs;visualization;restful;search;engine;html;css;docker;mediawiki;development;tileserver;kibana;devops;programming;,postgresql;javascript;plpgsql;python;go;shell;ruby;java;css;dockerfile;go;typescript;html;lua;c++;php;plsql;c#;
33,https://github.com/V0idExp/,79610,79609,"""python, C#, C, Javascript, Game_developer, openGl, Distrbution_computing, C++, unix, linux, images, camera, debian, automation, kerbal, developer, Go, feature_engineering, backend, scripting""","""PYTHON,C++,C,GO,JAVASCRIPT,OPENGL,CAP2RE,JS""",python;c#;c;javascript;game;developer;opengl;distrbution;computing;c++;unix;linux;images;camera;debian;automation;kerbal;developer;go;feature;engineering;backend;scripting;,python;c++;c;go;opengl;cap2re;javascript;
34,https://github.com/khughitt/,42195,42194,"""R, vim_script, machine_learning, pipelines, python, shell_script, Neural_networking, Tensorflow, GNU, Git, linux, HTML, CSS, C++, EDA_ (exploratory_data_analysis), Feature Selection, Bioinformatics, Neural_style_transfer""","""R,VIM SCRIPT, PYTHON, SHELL, TEX,CSS,C++,JUPYTER NOTEBOOK, LUA, C, HTML,PERL,TENSORFLOW,RUFFUS, LASSO,JQUERY""",r;vim_script;machine_learning;pipelines;python;shell;script;neural;network;tensorflow;gnu;git;linux;html;css;c++;eda;exploratory;data_analysis;feature;selection;bioinformatics;neural;style;transfer;,r;vim_script;python;shell;tex;css;c++;jupyter_notebook;lua;c;html;perl;tensorflow;ruffus;lasso;jquery;
35,https://github.com/kjjgibson/,42394,42393,"""JavaScript, CSS, node.js, Rails, TypeScript, Python, GraphQl_server, Ruby, Java, Multithreading, DNS_TTL, Web_development, Client_server, Hapi, Koa, Express, Apollo, rest_api, nlp, software_engineering""","""JAVASCRIPT,NODE.JS,GRAPHQL,TYPESCRIPT,PYTHON,RUBY,APIAPE,JAVA""",javascript;css;nodejs;rails;typescript;python;graphql;server;ruby;java;multithreading;dns;ttl;web_development;client;server;hapi;koa;express;apollo;rest;api;restful_api;nlp;software_engineering;,javascript;nodejs;graphql;typescript;python;ruby;apiape;java;
36,https://github.com/mikesamuel/,53528,53527,"""JavaScript, HTML, TypeScript, ECMAScript, web_security, node.js, shell_scripting, bash_scripting, CSS, web_development, (10) DOM_XSS, Java, Jquery, web_applications, SQl, Security, WHATWG, W3C , NPM, Cache_handling""","""JAVASCRIPT,PYTHON,HTML,TYPESCRIPT,SQL,NODE.JS,JSON,REACTJS,JAVA,GO,APACHE,OCaml,C,PHP,RUBY,JQUERY""",javascript;html;typescript;ecmascript;web;security;nodejs;shell;scripting;bash;scripting;css;web_development;dom;xss;java;jquery;web_application;sql;security;w3c;npm;cache;handling;,javascript;python;html;typescript;sql;nodejs;json;reactjs;java;go;apache;ocaml;c;php;ruby;jquery;
37,https://github.com/aleung/,45342,45341,"""TypeScript, Java, TypeScript, JavaScript, C, Clojure, Makefile , Git , Markdown, Docker, Go, Node.js, Management_system, tslint, OpeSCad, Vue, GitLab, ZooKeeper, SOAP, firmware""
","""TYPESCRIPT,C,JAVA,JAVASCRIPT,NODEJS,OPENSCAD,GO,CLOJURE,VUE,UML,HTML,ERLANG,CSS,RUBY,C#,COFFEESCRIPT""",typescript;java;javascript;c;clojure;makefile;git;markdown;docker;go;nodejs;management;system;tslint;vuejs;gitlab;zookeeper;soap;firmware;,typescript;c;java;javascript;nodejs;openscad;go;clojure;vue;uml;html;erlang;css;ruby;c#;coffeescript;
38,https://github.com/elizarov/,23960,23959,"""Kotlin, JavaScript, C++, Java, Web_development, unit_testing, Arduino, Embedded_software,  debian, Software_development, Sports_programming, ICPC, automation, Serealization, Backend_development, mocking_framework""
package_builder, Command_line, Algorithm, deadlock_detection
","""KOTLIN,JAVASCRIPT,C++,JAVA,ARDUINO,PYTHON,C,SPORTS PROGRAMMING,JVM,XML",kotlin;javascript;c++;java;web_development;unit_testing;arduino;embedded;software;debian;software_development;sports;programming;icpc;automation;serealization;backend;development;mocking;framework;package;builder;command;line;algorithm;deadlock;detection;,kotlin;javascript;c++;java;arduino;python;c;sports;programming;jvm;xml;
39,https://github.com/deitch/,8642,8641,"""JavaScript, HTML, GO, AWS, Operating_system, DockerRuby, Azure, GCP, OpenStack, Kubernetes, IOT, Linux, Node.js, MakeFile, Python, Calico,Cloud_computing ,Jstree, web_development""
","""GO,HTML,JAVASCRIPT,DOCKERFILE,RUBY,AWS,OPENSTACK,AZURE,C,SHELL,PYTHON,POWERSHELL,NODEJS,PHP,JSORMDB, JSMX,NODE.JS,BOOSTERJS,.NET""",javascript;html;go;aws;operating;system;os;docker;ruby;azure;gcp;openstack;kubernetes;iot;linux;nodejs;makefile;python;calico;cloud;computing;jstree;web_development;,go;html;javascript;dockerfile;ruby;aws;openstack;azure;c;shell;python;powershell;nodejs;php;jsormdb;jsmx;nodejs;boosterjs;dot_net;
40,https://github.com/techtonik/,74503,74502,"""python-patch, python-vnc-viewer, workstation, dos2unix, pypack, pseps, ruby, pip, setuptools, liberapay.com, hashin, boto3, warehouse, gitless, ctypesgen, sphinx, interactive_latencies, http-indicator, snapcraft, browntruck""","""python, git, linux, prompt-toolkit, C++, JavaScript, pyparsing, parallel_computing, php, virtualization, nodejs, windows, signal-processing, version-control, encoding, docker, pip, pysdl2, mercurial """,python;patch;vnc;viewer;workstation;dos2unix;pypack;ruby;pip;setuptools;hashing;warehouse;gitless;ctypesgen;sphinx;interactive;latencies;http;indicator;snapcraft;browntruck;,python;git;linux;prompt;toolkit;c++;javascript;pyparsing;parallel;computing;php;virtualization;nodejs;windows;signal;processing;version;control;encoding;docker;pip;pysdl;mercurial;
41,https://github.com/dmikis/,42113,42112,"""conf.d, shell, HTML, WebGL, DefinitelyTyped, TypeScript, videom, JavaScript, highload-20151102, subbotnik-msk-20151017, shri-demo, foopish, baby-bem, S3TC, gamejam, publicsuffixlist, bla, vow-exec, fountain-demo, enb-stylus""","""JavaScript, python, C++, jQuery, node.js, json, html, html5, webgl, webgl-extensions, OpenGL, typescript, firefox, computer-vision, android, debugging, canvas, yandex-maps, yandex-api, angular""",shell;html;webgl;typescript;video;javascript;highload;subbotnik;msk;game;public;suffix;list;exec;fountain;demo,javascript;python;c++;jquery;nodejs;json;html;html;webgl;webgl;extensions;opengl;typescript;firefox;computer;vision;android;debugging;canvas;yandex;maps;yandex;api;angular;
42,https://github.com/pirxpilot/,21563,21562,"""JavaScript, tileserver-gl, getlet, google-polyline, bromba, C++, postal-async, mapbox-gl-js, postal-api, antiscroll, test-interface-codemod, zsyp, confirmation-popover, HTML, tip, dialog, calendar, css, tile-cache, exorcist""","""javascript, kubernetes-helm, docker, node.js, progressive-web-apps, google-maps-api, C++, express, pug, git, html, ruby, php, html5, sqlite, json, content-security-policy, service-worker, cache-control, python""",javascript;tile;server;gl;google;polyline;c++;postal;async;mapbox;gl;postal;api;antiscroll;test;interface;codemod;confirmation;popover;html;tip;dialog;calendar;css;tile;cache;,javascript;kubernetes;helm;docker;nodejs;progressive;web;apps;google;maps;api;c++;express;pug;git;html;ruby;php;html;sqlite;json;content;security;policy;service;worker;cache;control;python;
43,https://github.com/mvirkkunen/,55424,55423,"""Rust, usb-device, rimoio2, casterm, rust-private-paths, usb-rfid-reader, mfrc522, usbd-serial, stm32f103xx-usb, usbd-hid, serial-threadmark, cortex-m, sh1106, embedded-graohics, dwprog, python, JavaScript, hacklab-website, stm32f103xx-hal, C""","""javascript, python, C++, html, php, html5, sql, json, java, .net, asp.net, mysql, canvas, xml, google-maps, bash, database-design, css, css-selectors, regex""",rust;usb;device;rimoio;casterm;rust;private;paths;usb;rfid;reader;usbd;serial;usb;serial;threadmark;cortex;embedded;graphics;python;javascript;hacklab;website;hal;c;,javascript;python;c++;html;php;html;sql;json;java;dot_net;asp;dot_net;mysql;canvas;xml;google;maps;bash;database;design;css;css;selectors;regex;
44,https://github.com/klmr/,43526,43525,"""C++, multifuction, R, modules, nextflow-vim, Vim script, .vim, .files, Shell, JavaScript, klmr.github.io, pkgload, Jupyter notebook, amplimap, .tmux, royal-jelly, gzip-huffman-tree, decorator, alterpisode, vim-snakemake""","""TeX, C#, .net, R, html, css, java, regex, python, php, latex, javascript, optimization, C++, ruby, vi, oop, unix, linux, math""",c++;multifuction;r;modules;nextflow;vim_script;vim;files;shell;javascript;pkgload;jupyter_notebook;amplimap;tmux;royal;jelly;gzip;huffman;tree;decorator;alterpisode;vim;snakemake;,tex;c#;dot_net;r;html;css;java;regex;python;php;latex;javascript;optimization;c++;ruby;vi;oop;unix;linux;math;
45,https://github.com/danneu/,18768,18767,"""Elm, elm-demo, Macflix.app, Swift, JavaScript, pug-render, react-template-render, HTML, gulid, browser, Typescript, schnorr-minimal, guilded, CSS, sortedset, blocky, koa-bouncer, koa-skeleton, generator-elm, icejaw""","""ruby-on-rails, ruby, html, css, regex, python, node.js, javascript, twitter-bootstrap, ffmpeg, mongodb, sqlite, json, mysql, postgresql, scala, window, java.io, h.264, libx264""",elm;demo;swift;javascript;pug;render;react;template;render;html;gulid;browser;typescript;minimal;css;sorted;set;koa;bouncer;skeleton;generator;elm;icejaw;,ruby;ruby;html;css;regex;python;nodejs;javascript;twitter;bootstrap;ffmpeg;mongodb;sqlite;json;mysql;postgresql;scala;window;java;libx;
46,https://github.com/asmeurer/,8290,8289,"""Emacs Lisp, dotfiles, sympy, python, mypython, numba, pyflyby, blog, Jupyter Notebook, quansight-labs-site, sphinx-math-dollar, staged-recipes, PuDB, removestar, sympy-bot-1, brown-water-python, HTML, git-workflow, jupter_console, python-prompt-toolkit""","""python, git, anaconda, version-control, math, numpy, scipy, latex, symbolic-computation, pip, macOS, matplotlib, emacs, C++, pandas, linear-algebra, statistics, bash, computer-algebra-systems, html""",emacs_lisp;dotfiles;sympy;python;mypython;numba;pyflyby;blog;jupyter_notebook;quansight;labs;site;sphinx;math;staged;recipes;pudb;removestar;sympy;bot;python;html;git;workflow;jupyter;console;python;prompt;toolkit;,python;git;anaconda;version;control;math;numpy;scipy;latex;symbolic;computation;pip;mac_os;matplotlib;emacs;c++;pandas;linear;algebra;statistics;bash;computer;algebra;systems;html;
47,https://github.com/rsp/,63127,63126,"""JavaScript, puppeteer, dps, ntnd, cmi, scripts, Shell, deno-dirname, TypeScript, registry, ntd, deno-hello, node-ts-hello, warsawjs-workshop-31-calendar, mjml, free-programming-books, doxdox, ts-no-new, timber-node, timber-js""","""javascript, node.js, jQuery, nosql, couchdb, socket.io, npm, git, html, json, mongodb, bash, html5, functional-programming, version-control, canvas, iOS, css, youtube-api, amazon-web-services""",javascript;puppeteer;dps;ntnd;cmi;scripts;shell;demo;dirname;typescript;registry;nodejs;ts;warsaw;javascript;workshop;calendar;mjml;free;programming;books;doxdox;ts;new;timber;nodejs;timber;,javascript;nodejs;jquery;nosql;couchdb;socket;npm;git;html;json;mongodb;bash;html;functional_programming;version;control;canvas;ios;css;youtube;api;amazon;web;services;
48,https://github.com/adamdruppe/,20608,20607,"""D, adrdox, arsd, ldc, dpp, libclang, unit-threaded, taskbar, canvas-lms-js-css, HTML, canvas-lms, Ruby, beyondz-platform, kits, PHP, rubycas-server, terminal-emulator, braven_2, phobos, Juno-Windows-Class-Library""","""D, C, C#, C++, .net, visual-D, html, javascript, linux, struct, css, windows, assembly,  regex, oop, sockets, css-selectors, sqlite, java, user-interface""",arsd;ldc;dpp;libclang;unit;threaded;taskbar;canvas;javascript;css;html;canvas;lms;ruby;platform;kits;php;rubycas;server;terminal;emulator;braven;phobos;juno;windows;class;library;,d;c;c#;c++;dot_net;visual;d;html;javascript;linux;struct;css;windows;assembly;regex;oop;sockets;css;selectors;sqlite;java;user;interface;
49,https://github.com/luksa/,49304,49303,"""Go, istio-operator, controller-rintime, kubernetes-in-action, JavaScript, kind, Shell, kubectl-plugins, istion-cni, kubernetes-in-action-2ed, istio-maistra, istio, kubernetes, HTML, kubia-website-example, maistra-rpms, istio-images-centos, dotfiles, rback, dot""","""javascript, Go, kubectl, kubectl-plugins, kubernetes, kubernetes-in-action, docker, json, jsonschema, unix, linux, centos7, swagger-2.0, google-cloud-datastore, google-app-engine, google-api, jboss, jboss-tools, jboss-web, cdi""",go;istio;operator;controller;runtime;kubernetes;action;javascript;kind;shell;kubectl;plugins;istion;cni;action;maistra;html;kubia;website;example;rpms;istio;images;centos;dotfiles;rback,javascript;go;kubectl;kubectl;plugins;kubernetes;action;docker;json;jsonschema;unix;linux;centos;swagger;google;cloud;datastore;google;app;engine;google;api;jboss;jboss;tools;jboss;web;cdi;
50,https://github.com/DavidArno/,19486,19485,"""C#, .Net, Visual basic, windows, Visual studio, XML, statistics, Unit testing, nuget, Sublime, application development, Node, web_dev, pattern matching, Discriminated unions, abstraction, Actionscript, HTML, Javascript""  ","""C#, pattern matching, Async programming""",c#;dot_net;visual;basic;windows;visual_studio;xml;statistics;unit_testing;nuget;sublime;application;development;nodejs;web_development;pattern;matching;discriminated;union;abstraction;actionscript;html;javascript;,c#;pattern;matching;async;programming;
51,https://github.com/memo/,52084,52083,"""C++, Python, Tensorflow, GUI, OpenGL, machine vision, wrappers, unsupervised machine learning, artificial intelligence, visualization, integration, numpy, deep learning, Javascript, C, neural network, jupyter, tex, vectors, pointers""","""C++, python, Tensor flow, machine_learning, Monte Carlo trees, word2vec, word embeddings""",c++;python;tensorflow;gui;opengl;machine;vision;wrappers;unsupervised;machine_learning;artificial_intelligence;data_visualization;integration;numpy;deep_learning;javascript;c;neural;network;jupyter;tex;vector;pointers;,c++;python;tensor;flow;machine_learning;montecarlo;trees;word2vec;word;embeddings;
52,https://github.com/mreinhardt/,54916,54915,"""Javascript, shell, CSS, web_dev, python, vim script, clojure, tex, go, wrapper, Node, Sublime, HTML, GNU, web_dev, machine learning, reddit, Bootstrap, clojure, DevOps""","""Javascript, shell, CSS, web, Devops, Vim, configs""",javascript;shell;css;web_development;python;vim_script;clojure;tex;go;wrapper;nodejs;sublime;html;gnu;machine_learning;reddit;bootstrap;clojure;devops;,javascript;shell;css;web;devops;vim;configs;
53,https://github.com/astrofrog/,75414,75413,"""Python, C, Matplotlib, visualization, data analysis, jupyter, azure, conda, web_dev, testing, GIT,  PyPi, plotly, sphinx, scipy, pip, ascii, HTML, CSS, Javascript""","""visualizations histogram, python, c""",python;c;matplotlib;data_visualization;data_analysis;jupyter;azure;conda;web_development;testing;git;pypi;plotly;sphinx;scipy;pip;ascii;html;css;javascript;,data_visualization;histogram;python;c;
54,https://github.com/galaxy001/,27819,27818,"""C#, C++, Python, TypeScript, Shell, Javascript, XML, binary, Ruby, Objective-C, Java, perl, C, PHP, web_dev, Linux, Mac OS, Simulation, web services, encoding, decoding""","""Python, C, memory management, Azure Pipelines, conda, devops, jupyter note-books, Javascript, PyPI""",c#;c++;python;typescript;shell;javascript;xml;binary;ruby;objective_c;java;perl;c;php;web_development;linux;mac_os;simulation;web;services;encoding;decoding;,python;c;memory;management;azure;pipelines;conda;devops;jupyter;note;books;javascript;pypi;
55,https://github.com/joeyh/,38431,38430,"""web_dev, wiki, development, documentation, GUI, web browser, JS, HTML, UI, WebSocket, sublime, haskell, web API, application development, visualization""","""Haskel, web , CSS, Web layout, UI, JavaScript, DOM, DOM Layout, Web frameworks""",web_development;wiki;development;documentation;gui;web;browser;javascript;html;ui;websocket;sublime;haskell;web;api;application_development;data_visualization;,haskel;web;css;web;layout;ui;javascript;dom;layout;web;frameworks;
56,https://github.com/warvariuc/,78966,78965,"""C++, Python, Linux, web socket, mongodb, pypy, sql, database, object relationship management, javascript, google chrome, django, Kubuntu, sandbox, HTML, API, MVC, XML, SOAP, RPC""","""Python, C++, C , Linux, KUbuntu, Ubuntu, OS, memory management, web socket, socket programming, Network programming""",c++;python;linux;web;socket;mongodb;sql;database;object;relationship;management;javascript;google;chrome;django;kubuntu;sandbox;html;api;mvc;xml;soap;rpc;,python;c++;c;linux;kubuntu;ubuntu;os;memory;management;web;socket;programming;network;programming;
57,https://github.com/wjt/,80657,80656,"""Python, Javascript, HTML, C++, Shell, Vim script, C, GNU, Mac OS, Linux, GUI, binary, OS, Bit Torrent, GIT, skype, wrapper, Go, IO, NodeJS""","""Twitter, python, Javascript, JS, Java, Web, Python, CSS, Shell, C, HTML, Devops, Docker, PHP""",python;javascript;html;c++;shell;vim_script;c;gnu;mac_os;linux;gui;binary;os;bit;torrent;git;skype;wrapper;go;io;nodejs;,twitter;python;javascript;java;web;python;css;shell;c;html;devops;docker;php;
58,https://github.com/jaceklaskowski/,34341,34340,"""JavaScript, SQL, Apache, kafka, Scala, HTML, SpliceSQL, bigTable, compiler, plugin, block chain, data analytics, knn, algorithm, spark, C#, F#, CSS, JVM, Tensorflow""","""sql, Streaming Applications, Apache, Spark, Kafka, Data Engineering, Data Ingestion, SCALA, analytics""",javascript;sql;apache;kafka;scala;html;splicesql;bigtable;compiler;plugin;blockchain;data;analytics;knn;algorithm;spark;c#;f#;css;jvm;tensorflow;,sql;streaming;applications;apache;spark;kafka;data;engineering;data;ingestion;scala;data_analysis;
59,https://github.com/almartin82/,5170,5169,"""R, python, interface, SQL, SQLite, BayesDB, database, JSON, data analysis, yahoo, HTML, Google Maps, OpenCPU, github, Tex, GNU, visualization, parsing, statistics, javascript""","""R, sql, sqlite, bayesian, JSON, formatting, PYTHON, machine learning, analytics"" ",r;python;interface;sql;sqlite;bayesdb;database;json;data_analysis;yahoo;html;google;maps;opencpu;github;tex;gnu;visualization;parsing;statistics;javascript;,r;sql;sqlite;bayesian;json;formatting;python;machine_learning;data_analysis;
60,https://github.com/RobBednark/,64001,64000,"""JavaScript, Python, Vim_script, VimL, HTML, Go, Tex, End_to_end_testing, CoffeeScript, Ruby, data_process, Web_applications, fuzzy_search, data_analysis, data_visualization, cloud_infrastructure_management, CSV_process, Ruby_design, metadata_files, cross-platform_applications""","""Django, python, database, JavaScript, html,iOS,Linux,Android development,Ruby,testing,pytorch,software design, communication, collaboration,debugging,vim,Mogo,ORM,SQL,mySQL""",javascript;python;vim_script;viml;html;go;tex;testing;coffeescript;ruby;data;process;web_applications;fuzzy;search;data_analysis;data_visualization;cloud;infrastructure;management;csv;processing;ruby;design;metadata;files;cross;platform;applications;,django;python;database;javascript;html;ios;linux;android_development;ruby;testing;pytorch;software;design;communication;collaboration;debugging;vim;mogo;orm;sql;mysql;
61,https://github.com/blesh/,9754,9753,"""Python, Javascript, curriculum, react, d3, Large_Dynamic_Graphs, graphs, Order_Based_Approach, Core_Maintenance, k_core_decomposition, data_structure, doubly_linked_list, tree_structure, nodejs, CSS, HTML, OOP, Front_End_Libraries, Data_Visualization, RWD""","""Python, data structures, algorithms""",python;javascript;curriculum;react;d3;d3js;large;dynamic;graphs;graphs;order;approach;core;maintenance;core;decomposition;data_structures;doubly;linked;list;tree;structure;nodejs;css;html;oop;front_end;library;data_visualization;rwd;,python;data_structures;algorithms;
62,https://github.com/ithinkihaveacat/,54006,54005,"""JavaScript, Go, CSS, HTML, TypeScript, Java, PHP, Shel, C++, nodejs, CMS, AMP, URL_validation, automation_dependency_update, Web_design, HTTP_proxy, media_packaging, front-end, Web_Push_library, API_applications""","""JavaScript, typescript, web development,Shell, HTML,XML,wordPress,AMP tools,Hyper script,Apache,DOM API, android development,  Ruby, JRuby, Rubinius, networking, C, c++, documentation, Node API""",javascript;go;css;html;typescript;java;php;shel;c++;nodejs;cms;amp;url;validation;automation;dependency;update;web_design;http;proxy;media;packaging;front_end;web;push;library;api;applications;,javascript;typescript;web_development;shell;html;xml;wordpress;amp;tools;hyper;script;apache;dom;api;android_development;ruby;jruby;rubinius;networking;c;c++;documentation;nodejs;
63,https://github.com/JonDouglas/,586,585,"""PowerShell, C#, JavaScript, CSS, Java, Swift, Unity, Xamarin, Visual_Studio, .NET, Android_SDK, model_view_viewmodel_framework, Plugins, game_development, front_end, MVVMCross, Android_development, data_management, VB, web_design""","""C#, power shell, CSS, android development, .NET, documentation, swift, Java, JavaScript, HTML, app development, iOS, objective-c,  android SDK, eclipse, maven, Algorithms, data structures, software design, C""",powershell;c#;javascript;css;java;swift;unity;xamarin;visual_studio;dot_net;android_sdk;model;view;model;framework;plugins;game;development;front_end;mvvmcross;android_development;data;management;vb;web_design;,c#;power;shell;css;android_development;dot_net;documentation;swift;java;javascript;html;app_development;ios;objective_c;android_sdk;eclipse;maven;algorithms;data_structures;software;design;c;
64,https://github.com/fagiani/,61207,61206,"""JavaScript, Ruby, Shell, CSS, Go, Python, Perl, HTML, theme_design, WordPress_plugins, CLI_utility, PaaS, PostgreSQL, data_search, bootstrap, Apache, Heroku, linux, site_generator, HTTP_libraries""","""Shell, JavaScript, Vim script, Ruby, HTML, XML, CSS, PHP, Go, Python, Perl, C#, Rails, Git, interface development, REST APIs,  ubuntu Linux, plugin development, Java, vim""",javascript;ruby;shell;css;go;python;perl;html;theme;design;wordpress;plugins;cli;utility;paas;postgresql;data;search;bootstrap;apache;heroku;linux;site;generator;http;libraries;,shell;javascript;vim_script;ruby;html;xml;css;php;go;python;perl;c#;rails;git;interface;development;rest;apis;ubuntu;linux;plugin;development;java;vim;
65,https://github.com/larrycai/,44741,44740,"""C++, Shell, JavaScript, CSS, C, Python, Dockerfile, HTML, Go, Ruby, Perl, Java, Groovy, image_process, docker, proxy, web UI, libraries, linux, data_process""","""Agile software development, TeX, Ruby, Writing books, CSS, C#, Shell, creating docker images,dockerfile, python, java, JavaScript, HTML, Makefile,  Groovy, Perl, maintaining blogs, Go, Ruby, C""",c++;shell;javascript;css;c;python;dockerfile;html;go;ruby;perl;java;groovy;image;process;docker;proxy;web;ui;libraries;linux;data;processing;,agile;software;development;tex;ruby;writing;books;css;c#;shell;creating;docker;images;dockerfile;python;java;javascript;html;makefile;groovy;perl;maintaining;blogs;go;ruby;c;
66,https://github.com/wazery/,80130,80129,"""JavaScript, Ruby, TypeScript, HTML, Python, CSS, Go, Java, Shell, VimL, CLI, Rails_API, UI, Map_API, App, RuboCop_plugins, Angular, NPM, Angular.js, web_frameworks""","""HTML, Ruby, Go, rubygem, rails, CSS, Vim script, JavaScript, Java, CoffeeScript, C++, Git, Python, Pytorch, Shell, web development, PHP, JQuery, plugin development, Vim""",javascript;ruby;typescript;html;python;css;go;java;shell;viml;cli;rails;api;ui;map;api;app;rubocop;plugins;angular;npm;angularjs;web;frameworks;,html;ruby;go;gem;rails;css;vim_script;javascript;java;coffeescript;c++;git;python;pytorch;shell;web_development;php;jquery;plugin;development;vim;
67,https://github.com/matthieugd/,50642,50641,"""PHP, C#, Java, .NET, XML, Android, Material_Design, Mock_API, java_sdk, animations, Android_data_binding, Spock_tests, Retrofit, BindingCollectionAdapter, Ubuntu, openSUSE, cmd, layout_design, UI_design, Debian""","""C#, Java, app development, windows application, android development, .NET, XML, file system, console application, Apache, database, SQL,software design, Mock API, API development, COREFX, testing, debugging, app development, iOS""",php;c#;java;dot_net;xml;android;material;design;mock;api;java;sdk;animations;android;data;binding;spock;tests;retrofit;binding;collection;adapter;ubuntu;open;cmd;layout;design;ui;design;debian;,c#;java;app_development;windows;application;android_development;dot_net;xml;file;system;console;application;apache;database;sql;software;design;mock;api;development;corefx;testing;debugging;app_development;ios;
68,https://github.com/evgenyneu/,25404,25403,"""R, Julia, Swift, Python, Ruby, Objective_C, JavaScript, Java, Fortran, CoffeeScript, PHP, Makefile, iOS_development, image_compressor, C++, Android, JSON, Rails, keychain_security, testing_activity""","""swift, iOS,fortran, JavaScript, Python, C, julia, Java, Makefile, Android, app development, HTML, web development, iOs, jSON, Ruby, Objective c, TeX, PHP, MySQL""  ",r;julia;swift;python;ruby;objective_c;javascript;java;fortran;coffeescript;php;makefile;ios;development;image;compressor;c++;android;json;rails;keychain;security;testing;,swift;ios;fortran;javascript;python;c;julia;java;makefile;android;app_development;html;web_development;ios;json;ruby;objective_c;tex;php;mysql;
69,https://github.com/garyrussell/,29937,29936,"""Java, Shell, Groovy, Ruby, XSLT, CSS, AMQP, Spring_Integration, Cloud_Stream, Spring_Extensions, RabbitMQ, client/server , Data_Flow, Google_Cloud_Platform_APIs, JVM, Apache, mongoDB, Data_Integration, graph_building, data_analysis""","""Java, Cloud programming, XML, web development,Apatche,  JavaScript, Shell, XSLT, RabbitMQ, Groovy, maven, CSS, Ruby, RubyGem, GemFire, SalesForce API, JIRA, Eclips, spring development, Spring""",java;shell;groovy;ruby;xslt;css;amqp;spring;integration;cloud;stream;spring;extensions;rabbitmq;client;server;dataflow;google;cloud;platform;api;jvm;apache;mongodb;data;integration;graph;building;data_analysis;,java;cloud;programming;xml;web_development;apache;javascript;shell;xslt;rabbitmq;groovy;maven;css;ruby;rubygem;gemfire;salesforce;api;jira;eclipse;spring;development;spring;
70,https://github.com/yukuku/,82438,82437,"""Python, Java, PHP, Android, Math, Kotlin, Keras, Open-source, Google Datastore,  C++, Multimedia, Mobile applications, Linux, Gopher programming language, JavaScript, C, Interpreter, GPU, Telegram Bot, Mmonkey""","""android, graphic_design, java, mobile_development, web_development, data_generation, go, kotlin, python, interpreter, text_proccessing, search_engine_building, asyncronous_computing, integrating_with_3rd_party_applications, HTTP, Web-Development, HTML, php, client-server, CSS""",python;java;php;android;math;kotlin;keras;open;source;google;datastore;c++;multimedia;mobile;applications;linux;gopher;programming;language;javascript;c;interpreter;gpu;telegram;bot;monkey;,android;graphic;design;java;mobile_development;web_development;data_generation;go;kotlin;python;interpreter;text;proccessing;search;engine;building;asyncronous;computing;integrating;third;party;applications;http;web_development;html;php;client;server;css;
71,https://github.com/gergoerdi/,28562,28561,"""Haskell, Common Lisp, Rust, C++, FPGA, AVR, Micro-controller, Kansas Lava, Intel 8080, JavaScript, Emulator, HTML, CHIP-8, CLaSH, Python, C, Circuit design, Microprocessor, SimAVR, Arduino simulator""","""TeX, Haskell, Javascript, Web_Applications, C, HTML, Adga, C++, virtual_machine, markup_languages, rust, interpreter, tests, brainfuck(language), LLVM, readability, language_translation, emulators, CPU, fpga""",haskell;common;lisp;rust;c++;fpga;avr;micro;controller;kansas;lava;intel;javascript;emulator;html;chip;clash;python;c;circuit;design;microprocessor;simavr;arduino;simulator;,tex;haskell;javascript;web_applications;c;html;adga;c++;virtual;machine;markup;languages;rust;interpreter;tests;brainfuck;llvm;readability;language;translation;emulators;cpu;fpga;
72,https://github.com/alanhogan/,16437,16436,"""Web developer, Ruby, PHP, SQL, JavaScript, Testbed, React App, HTML, CSS , Bookmarklet, jQuery, Elm, C#, CoffeeScript, C++, C, Sass, Perl, Python, NLP""","""Ruby, HTML, Javascript, Web_Dev, PHP, Jekyll, jQuery, CSS, UI_design, React, code_formatting, code_styling, C#, .NET, C, C++, NPM, Angular, Python, Objective-C""",web_development;ruby;php;sql;javascript;testbed;react;app;html;css;bookmarklet;jquery;elm;c#;coffeescript;c++;c;sass;perl;python;nlp;,ruby;html;javascript;web_development;php;jekyll;jquery;css;ui;design;react;code;formatting;code;styling;c#;dot_net;c;c++;npm;angular;python;objective_c;
73,https://github.com/aaronmcdaid/,2039,2038,"""Statistics, Data science, C++, Python, Testing, Haskell, Clustering, Jupyter Notebook, HTML, TypeScript, Racket, C, R, Shell, Data Analytics, Bayesian, SNP, ssimp_software, embedding code, lambda""","""C++, statistics, datascience, python, HTML, TypeScript, Jupyter_Notebook, math, Haskell, Racket, C, R, algorithms, equations, data_manipulation, random_generation, data_analysis, data_processing, build_automation, lambda_equations""",statistics;data_science;c++;python;testing;haskell;clustering;jupyter_notebook;html;typescript;racket;c;r;shell;data;analytics;bayesian;snp;ssimp;software;embedding;code;lambda;,c++;statistics;data_science;python;html;typescript;jupyter_notebook;math;haskell;racket;c;r;algorithms;equations;data;manipulation;random;generation;data_analysis;data;processing;build;automation;lambda;equations;
74,https://github.com/kraenhansen/,62232,62231,"""Arduino, JavaScript, Java, PHP, Python, Health App, Realm, Realm studio, MongoDB, CSS, react inspector, Apollo Client, Integration test, mocha, Jasmine-reporters, eggplant, Elm, face-detection, OpenARMS, Open Source System""","""Javascript, Python, Java, PHP, HTML5, TypeScript, React, C++, web_application, Node.js, CSS, Ruby, human_language_proccessing, Android_dev, Wrappers, WebSockets, JUnit, unit_tests, Bootstrap, bug_finding""",arduino;javascript;java;php;python;health;app;realm;realm;studio;mongodb;css;react;inspector;apollo;client;integration;test;mocha;jasmine;reporters;eggplant;elm;face;detection;openarms;open;source;system;,javascript;python;java;php;html;typescript;react;c++;web_application;nodejs;css;ruby;human;language;proccessing;android_development;wrappers;websockets;sockets;junit;unit;tests;bootstrap;bug;finding;
75,https://github.com/koraktor/,43571,43570,"""Java, Maven, Apache, CSS, Ruby, PHP, Objective-C, iOS, Xcode, Spring Data JPA, JavaScript, web application, Bzip2, backend projects, industrial enterprise, open source project, JRuby, RVM, iOS App, Steam""","""Java, CSS, Objective-C, Javascript, Ruby, HTML, Swift, C, iOS, MacOS, git, PHP, Jekyll, Web_Application_Dev, cross-platform_dev, XCode, Spring_Framework,  package_managment, UI_Design, mongoDb""",java;maven;apache;css;ruby;php;objective_c;ios;xcode;spring;data;jpa;javascript;web_application;bzip;backend;projects;industrial;enterprise;open;source;project;jruby;rvm;ios;app;steam;,java;css;objective_c;javascript;ruby;html;swift;c;ios;macos;git;php;jekyll;web_application;web_development;cross;platform;dev;xcode;spring;framework;package;managment;ui;design;mongodb;
76,https://github.com/lpryszcz/,44509,44508,"""molecular biology, biotechnology, Perl, Python, genomes,  heterozygous genomes, RNA editing, NGS data, Hi-C data, CUDA, Ubuntu, gpu-accelerated, PyTorch, polymorphic genomes, Nanopore sequencing, golang, C++, C, Jupyter Notebook, Flye""","""Perl, Python, Biotechnology, molecular_biology, TeX, C++, go, m4, C, Jupyter Notebook, random_generation, HTML, web_development, indexing, algorithms, emac_extension, analysis, research, DNA, CPU_based_implementation""",molecular;biology;biotechnology;perl;python;genomes;heterozygous;genomes;rna;editing;ngs;data;c;data;cuda;ubuntu;gpu;accelerated;pytorch;polymorphic;genomes;nanopore;sequencing;golang;c++;c;jupyter_notebook;flye;,perl;python;biotechnology;molecular;biology;tex;c++;go;m4;c;jupyter_notebook;random;generation;html;web_development;indexing;algorithms;emac;extension;analysis;research;dna;cpu;implementation;
77,https://github.com/ryenus/,67285,67284,"""C, Java, TypeScript, Shell, Python, interactive process viewer, Linux, HyperSQL, Visual Studio Code, option parser, Maven, JavaScript, Ruby, macOS application, mobile apps, Groovy, HTML, golang, CSS, jQuery""","""C, TypeScript, Java, Python, MacOS, Ruby, Dart, Perl, HTML, Go, web_application_dev, CSS, Javascript, Bootstrap, Swift, Shell_scripts, search_algorithms, SQL, Command-line, Web_scraping""",c;java;typescript;shell;python;interactive;process;viewer;linux;hypersql;visual_studio;code;option;parser;maven;javascript;ruby;macos;application;mobile;apps;groovy;html;golang;css;jquery;,c;typescript;java;python;macos;ruby;dart;perl;html;go;web_application;development;css;javascript;bootstrap;swift;shell;scripts;search;algorithms;sql;command;line;web;scraping;
78,https://github.com/drj11/,22540,22539,"""Python, Assembly, JavaScript, image encoding/decoding, poppler, Cairo, node.js, POSIX, HTML, Keras,  Jupyter Notebook, C++, HTML, C, golang, R, computational biology, data analysis, data visualization, Unix, Reactome""","""Python, Assembly, JavaScript, HTML, Web_Dev, cryptography, Jupyter Notebook, C++, C, Go, R, CSS, Shell_scripts, regular_expressions, data_science, web_scraping, data_analysis, hacking, research, CoffeeScript""",python;assembly;javascript;image;encoding;decoding;poppler;cairo;nodejs;posix;html;keras;jupyter_notebook;c++;html;c;golang;r;computational;biology;data_analysis;data_visualization;unix;reactome;,python;assembly;javascript;html;web_development;cryptography;jupyter_notebook;c++;c;go;r;css;shell;scripts;regular;expressions;regex;data_science;web;scraping;data_analysis;hacking;research;coffeescript;
79,https://github.com/tmenier/,76244,76243,"""C#, .NET, URL builder, PetaPoco, ADO.NET, progress tracking framework, batch processing, NCalc, CSS, SQL Server, Azure SQL Database, dataflow pipeline, Markdown, JavaScript, JSON, PHP, CRM, XML, HTML, PowerShell, Python""","""C#, HTML, .NET, HTTP, SQLDatabase, SQL_Bulk_Operations, Shell_scripts, Javascript, Web_dev, PHP, Android, iOS, Objective-C++, MVVM, Web_scraping, Unit_testing, Azure_database, data_pipelining, equations, algorithms""",c#;dot_net;url;builder;petapoco;progress;tracking;framework;batch;processing;ncalc;css;sql;server;azure;sql;database;dataflow;pipeline;markdown;javascript;json;php;crm;xml;html;powershell;python;,c#;html;dot_net;http;sqldatabase;sql;bulk;operations;shell;scripts;javascript;web_development;php;android;ios;objective_c++;mvvm;web;scraping;unit_testing;azure;database;data;pipelining;equations;algorithms;
80,https://github.com/malaterre/,50008,50007,"""C++,  Shell,  C, HTML, PowerShell,  C#, JavaScript, Python, Makefile, XSLT, Roff, Ruby, Tex, Perl, Dicom, Swig, Medical-Imaging, Debian, ITK (Insight Toolkit), BioRad""","""DICOM, JavaScript, JSON, CMake, TurboRLE, C++, C, Linux, GDCM, HTML, C#, systemd, OpenELEC, Kodi, XML, Microsoft, NuGet, OpenSSL, BoringSSL, Python""",c++;shell;c;html;powershell;c#;javascript;python;makefile;xslt;roff;ruby;tex;perl;dicom;swig;medical;imaging;debian;itk;insight;toolkit;biorad;,dicom;javascript;json;cmake;turborle;c++;c;linux;gdcm;html;c#;systemd;openelec;kodi;xml;microsoft;nuget;openssl;boringssl;python;
81,https://github.com/danielkza/,18605,18604,"""JavaScript, Python, Scala, C++, Shell, Dockerfile , Puppet, Java, Rust, TypeScript, Elixir, Ruby, Lua, Go, Clojure, Makefile, D, HTML, Vala, Perl""","""Shell, Python, AWS, Scala, Javascript, Docker, Nvidea, C++, Moto, Gnome, Cassandra, OpenWrt, POSIX, S3transfer, BCC, Rust, Dark_Reader, Mozilla_Firefox, openapi3, GitHub""",javascript;python;scala;c++;shell;dockerfile;puppet;java;rust;typescript;elixir;ruby;lua;go;clojure;makefile;d;html;vala;perl;,shell;python;aws;scala;javascript;docker;nvidea;c++;moto;gnome;cassandra;openwrt;posix;s3transfer;bcc;rust;dark_reader;mozilla_firefox;openapi3;github;
82,https://github.com/jwkvam/,41351,41350,"""Python, Jupyter Notebook, TypeScript, JavaScript, Haskell, Vim script, matplotlib, Julia, C++, Makefile, Shell, Lua, Go, HTML, Ruby, C, machine learning,  data science, Rust, Vue""","""Python, JavaScript, TypeScript, Haskell, Jupyter, Matplotlib, machine_learning, plotly, Spell_check, scikit_learn, Julia, Vim, flask, react, kaggle, UI_Design, C++,  tensorflow, shell, Mapbox""",python;jupyter_notebook;typescript;javascript;haskell;vim_script;matplotlib;julia;c++;makefile;shell;lua;go;html;ruby;c;machine_learning;data_science;rust;vue;,python;javascript;typescript;haskell;jupyter;matplotlib;machine_learning;plotly;spell_check;scikit_learn;julia;vim;flask;react;kaggle;ui_design;c++;tensorflow;shell;mapbox;
83,https://github.com/RobinIsTheBird/,65745,65744,"""JavaScript, CSS, Shell, HTML , Python , Java , Vim script , CoffeeScript, HCI, usability analysis, C, front end stack, TopoJSON, Go, Ruby, Less, React, Browserify, CJSX, Mocha""","""HTML, JavaScript, Python, Java, shell, web_development, OpenTreeMap, GitHub, bootstrap, clajs, dotfiles, CKAN, Vagrant, 2D_mazes, versioning, fdpa_fusiontables, ES6, protoExplorer, JQuery, Oracle""",javascript;css;shell;html;python;java;vim_script;coffeescript;hci;usability;analysis;c;front_end;stack;json;go;ruby;less;react;browserify;cjsx;mocha;,html;javascript;python;java;shell;web_development;opentreemap;github;bootstrap;clajs;dotfiles;vagrant;2d;mazes;versioning;fdpa;fusiontables;es6;protoexplorer;jquery;oracle;
84,https://github.com/dodomorandi/,54518,54517,"""Python, Rust, C++, JavaScript, PHP, HTML, TypeScript, C, Fortran, R, Intel Map, InvoicePlane, Makefile, Gaming, RNA, ethminer, Cross-platform interface, OpenBlas, Simutrans, xenome classify""","""JavaScript, Python, PHP, Rust, C++, libvpx, Mypy, Linear_Algebra, oil.js, consent_manager, cookie_banner,  HaTSPiL, JVM, Dlib, Gzip, SVN, R, RNA_manipulation, CUDA, TypeScript""",python;rust;c++;javascript;php;html;typescript;c;fortran;r;intel;map;invoice;plane;makefile;gaming;rna;ethminer;cross;platform;interface;openblas;simutrans;xenome;classify;,javascript;python;php;rust;c++;libvpx;mypy;linear;algebra;oil_js;consent;manager;cookie;banner;hatspil;jvm;dlib;gzip;svn;r;rna;manipulation;cuda;typescript;
85,https://github.com/alecxe/,3181,3180,"""Python, JavaScript, HTML, Java, joke, protractor, css-selectors, selenium, eslint, automation, api-client, nyc, api-wrapper, web-scraping, scrapy, Jasmine, Mocha, BeautifulSoup, Django, SSH""","""Python, JavaScript, Clean_code, space_exploration, astronomy, ESLint_rules, BeautifulSoup, wrapper,  fake_useragent, pytest, gitignore, spotipy, HTML, Java, Protractor, galen, Grunt_plugin, junit, E2E, Angular""",python;javascript;html;java;joke;protractor;css;selectors;selenium;eslint;automation;api;client;nyc;api;wrapper;web;scraping;scrapy;jasmine;mocha;beautifulsoup;django;ssh;,python;javascript;clean;code;space;exploration;astronomy;eslint;rules;beautifulsoup;wrapper;fake;useragent;pytest;gitignore;spotipy;html;java;protractor;galen;grunt_plugin;junit;e2e;angular;
86,https://github.com/Adron/,3090,3089,"""HCL, Shell, JavaScript, Go, C#, C, Vue, Java, Python, CoffeeScript, Swift, CSS, HTML, F# , Erlang, Ruby, Dockerfile , Scala, C++, PowerShell""","""Shell, HCL, JavaScript, Apache_Cassandra, Node.js, DataStax, Database_migrations, CLI, Go, C#, PostgreSQL, geopositional, Java, jq, Spring, .NET, Cassie_Schema_Migrator, containerization, bash""",hcl;shell;javascript;go;c#;c;vue;java;python;coffeescript;swift;css;html;f#;erlang;ruby;dockerfile;scala;c++;powershell;,shell;hcl;javascript;apache;cassandra;nodejs;datastax;database;migrations;cli;go;c#;postgresql;geopositional;java;jq;spring;dot_net;cassie;schema;migrator;containerization;bash;
87,https://github.com/bitsgalore/,38494,38493,"""Python, HTML, Lua, Ruby, Shell, XSLT, NewLisp, Java, C++, Perl, Javascript, D, C, Jekyll-Bootstrap, Gaming, CCA, COPTR, Jekyll, Apache Tika, Caja""","""Python, HTML, Jekyll_Bootstrap, XSLT, Java, Shell, NewLisp, Java, Wrapper, template, skeleton, Batchscript, Bug_Reports, Tika, link_extractor, httpreserve, DataServices, KB_Python_API, Eaas_framework, validation_library""",python;html;lua;ruby;shell;xslt;newlisp;java;c++;perl;javascript;d;c;jekyll;bootstrap;gaming;cca;coptr;jekyll;apache;tika;caja;,python;html;jekyll;bootstrap;xslt;java;shell;newlisp;java;wrapper;template;skeleton;batchscript;bug;reports;tika;link;extractor;httpreserve;dataservices;kb;python;api;eaas;framework;validation;library;
88,https://github.com/slhck/,80367,80366,"""Python, C, Ruby, Javascript, Dockerfile, Swift, Shell, R, CSS, C++, Tex, Java, Quality of Experience (QoE), video quality, FFmpeg, Android, mappr, bufferer, web quality , Multimedia""","""Python, C, Ruby, JavaScript, Shell, Docker, Swift, C++, CSS, R, TeX, Java, Audio_Normalization, ffmpeg, CLI, Homebrew, Linux, cloud_gaming, Prometheus_monitoring, package_manager""",python;c;ruby;javascript;dockerfile;swift;shell;r;css;c++;tex;java;quality;experience;video;quality;ffmpeg;android;mappr;bufferer;web;quality;multimedia;,python;c;ruby;javascript;shell;docker;swift;c++;css;r;tex;java;audio;normalization;ffmpeg;cli;homebrew;linux;cloud;gaming;prometheus;monitoring;package;manager;
89,https://github.com/dmelo/,21664,21663,"""PHP, Python, Java, Solidity, CSS, Ruby, TypeScript, Shell, JavaScript, C++, HTML, Gettext Catalog, C, Vim script, Dockerfile, Go, Makefile, OpenSCAD , Perl, Scala""","""software_engineering, PHP, Python, Java, JavaScript, solidity, Ruby, TypeScript, Shell, CSS, C++, Gettext_Catalog, HTML, VIM, C, MVC, nodejs, Docker, Bootstrap, flask""",php;python;java;solidity;css;ruby;typescript;shell;javascript;c++;html;gettext;catalog;c;vim_script;dockerfile;go;makefile;openscad;perl;scala;,software_engineering;php;python;java;javascript;solidity;ruby;typescript;shell;css;c++;text;catalog;html;vim;c;mvc;nodejs;docker;bootstrap;flask;
90,https://github.com/prayagupd/,62428,62427,"""scala_tdd,mockito,restful api, java, springboot, docker, elastic_bean_stalk, kuber_netes, terraform, clojure, microservice, log4j, vim, emacs_configuration, parallel_programming, node_js, cryptography, expressjs, mysql, functional programming""","""Java, Clojure, Julia, Haskell, Python, Jupyter notebooks, Machine Learning, Deep Learning, TensorFlow,  Data Pipelines, Visualization, Apache Cassandra, microservice, Docker, big data, Spark, Apache, Scala, Map-Reduce, Hadoop""",scala_tdd;mockito;restful;api;java;springboot;docker;elastic;bean;stalk;kubernetes;terraform;clojure;microservice;log4j;vim;emacs;configuration;parallel;programming;nodejs;cryptography;expressjs;mysql;functional_programming;,java;clojure;julia;haskell;python;jupyter_notebooks;machine_learning;deep_learning;tensorflow;data;pipelines;visualization;apache;cassandra;microservice;docker;big;data;spark;apache;scala;map;reduce;hadoop;
91,https://github.com/nanodeath/,55809,55808,"""ruby,threads,jdk8,gradle,node,git,jdk,kotlin,java,android_studio,jquery,xml,arduino, python,cpp,bitmap,tilemap,angular_js,crow,hydrate_js""","""JavaScript,Ruby, Kotlin, C# , speech recognition, Android, Machine, database , Mongoid , tree structure, jQuery , RESTful , Heroku, Dockerfile  ,LibGDX , Arduino, TypeScript, WebGL , canvas, Asynchronous"" ",ruby;threads;jdk;gradle;nodejs;git;jdk;kotlin;java;android_sdk;jquery;xml;arduino;python;cpp;bitmap;tilemap;angularjs;crow;hydratejs;,javascript;ruby;kotlin;c#;speech;recognition;android;machine;database;mongoid;tree;structure;jquery;restful;heroku;dockerfile;libgdx;arduino;typescript;webgl;canvas;asynchronous;
92,https://github.com/tsutomi/,7153,7152,"""c#,css,html,openamat.net/deveel/,java,ruby_gem,SAAS/SCSS_preprocessor,google_analytics,.net,json,jekyll_3.x,user_interface,oss,jquery,sucy,magnific_popup,server_connection,bug_fixing,breakpoint""","""C#, machine learning ,  .NET, SQL , JDBC, REST , TensorFlow, wrapper,LINQ , scripting language,REPL, Visual Studio,MSBuild, SIRIUS , DeveelDB ,ACID , developer , event-based , data flow, graph"" ",c#;css;html;java;ruby;gem;saas;scss;preprocessor;google;analytics;dot_net;json;jekyll;user;interface;ui;oss;jquery;sucy;magnific;popup;server;connection;bug;fixing;breakpoint;,c#;machine_learning;dot_net;sql;jdbc;rest;tensorflow;wrapper;linq;scripting;language;repl;visual_studio;msbuild;sirius;deveeldb;db;acid;developer;event;based;data;flow;graph;
93,https://github.com/keithrbennett/,42226,42225,"""html,javascript,ruby,json,shell,css,python,web_designing,api,dns,postgreSQL,linux,aws_dynamo_DB,apache,mapbox_studio,os,functional programming,database_creation,database_initialisation,quering""","""Ruby, Web , JSON , command line, inventory ,Sandbox , AWS , DynamoDB, Apache Tika,Website , Toolbox , significant , OS gem, Ansible , Ubuntu, REST , D3 , Lambdas , Project Euler, Unix , Functional""",html;javascript;ruby;json;shell;css;python;web;design;api;dns;postgresql;linux;aws;dynamo;db;apache;mapbox;studio;os;functional_programming;database;creation;database;initialisation;quering;,ruby;web;json;command;line;inventory;sandbox;aws;dynamodb;apache;tika;website;toolbox;significant;os;gem;ansible;ubuntu;rest;d3;lambda;project;euler;unix;functional;
94,https://github.com/gooh/,33430,33429,"""php,ruby,c,census,pecl,span_management,semantic_versioning,html,xml,php_interpreter,api, json,interface_distiller,php_unit_schema,bubbly,d3js,shell,webserver,exporters,sampling""","""PHP,Visualization , Interfaces, framework, agile , webdevelopment , PHPUnit,D3JS,tracing , JavaScript  , StackOverflow , User-contributed,Bubbly ,Backlog, weblog , agile , API , class,commits , REST,Web"" ",php;ruby;c;census;pecl;span;management;semantic;versioning;html;xml;php;interpreter;api;json;interface;distiller;php;unit;schema;bubbly;d3js;shell;webserver;exporters;sampling;,php;visualization;interfaces;framework;agile;web_development;phpunit;d3js;tracing;javascript;stackoverflow;user;contributed;bubbly;backlog;weblog;agile;api;class;commits;rest;web;
95,https://github.com/ivoba/,34084,34083,"""php,javascript,scheme,java,shell,apache,css,docker_file,json,xml,page_controllers,data_objects,redbean_orm,google_analytics,linux,OS,unix,api,twig_extension,webserver,html""","""PHP, RedBean , MySQL , SQLite3 , Docker ,WebSockets, Laravel,Magento, webapps, JSON, PowerAPI , visualization , database,Javascript, GraphQL, WebStorm, IntelliJ IDEA, cryptography ,  web log, API""",php;javascript;scheme;java;shell;apache;css;docker;file;json;xml;page;controllers;data;objects;redbean;orm;google_analytics;linux;os;unix;api;twig;extension;webserver;html;,php;redbean;mysql;sqlite3;docker;websockets;laravel;magento;webapps;json;powerapi;visualization;database;javascript;graphql;webstorm;intellij;idea;cryptography;web;log;api;
96,https://github.com/generateui/,66655,66654,"""java,javascript,dart,c#,c,cpp,mySQL,excel,bpmn_graph,owl,css,json,awesome_vue,html,user_interface,database,api,.net,DartJSONP,web_development,jekyll""","""JavaScript, web, C#,Webbased ,Java, Annotation ,JSettlers2,Vue.js,.NET, Visual Basic,VSTO ,Dart  ,framework ,C++  ,Maven,Annotation,Java  ,C# , JSON ,rendering ,UML ,Mono,web""",java;javascript;dart;c#;c;cpp;mysql;excel;bpmn;graph;owl;css;json;awesome;vue;html;user;interface;ui;database;api;dot_net;dartjsonp;web_development;jekyll;,javascript;web;c#;web;java;annotation;jsettlers;vue;dot_net;visual;basic;vsto;dart;framework;c++;maven;annotation;java;c#;json;rendering;uml;mono;web;
97,https://github.com/rossta/,66395,66394,"""ruby,javascript,vue,elixir,html,css,coffee_script,json,teaspoon,apitome,dotenov,webpush,webdrivers,webpacker,nodejs,shell,strave_api,phoenix_base,flatpickr,tacoki""","""Ruby, Elixir, Vue, HTML  ,Javascript , Selenium, PhantomJS, CSS  , serviceworker, Rails,pipeline, protocol, Web Push , WebDrivers , SSL , authenticating , WTF , Elixir  , Shell  , Webpack"" ",ruby;javascript;vue;elixir;html;css;coffeescript;json;teaspoon;apitome;dotenov;webpush;webdrivers;webpacker;nodejs;shell;strave;api;phoenix;base;flatpickr;tacoki;,ruby;elixir;vue;html;javascript;selenium;phantomjs;css;service;worker;rails;pipeline;protocol;web;push;webdrivers;ssl;authenticating;elixir;shell;webpack;
98,https://github.com/petrelharp/,61144,61143,"""html,r,xlst,jekyll,javascript,nodejs,java,tex,c,cpp,python,tskit,SLiM,sckit,gene_floe_interface, shell,skelml,xml,latex,linux""","""HTML, PCA , R, XSLT, raster-based,JavaScript , toolkit, C++ , Bioinformatics , Website , Python  , Jupyter Notebook,  D3,Plotly ,interactive , Visualizations,genetic,  linkage effects""",html;r;xlst;jekyll;javascript;nodejs;java;tex;c;cpp;python;tskit;slim;sckit;gene;floe;interface;shell;skelml;xml;latex;linux;,html;pca;r;xslt;raster;based;javascript;toolkit;c++;bioinformatics;website;python;jupyter_notebook;d3;plotly;interactive;visualizations;genetic;linkage;effects;
99,https://github.com/muaz-khan/,55222,55221,"""javascript,html,json,xml,linux,unix,webRTC,MultiStreamMixer,RTCMulticonnection,getStats,File_Buffer_reader,getScreenld,translator,nodejs,WebGL,CSS,curvature,WebSync,Datachannel,conversation""","""JavaScript, WebRTC, extensions,Android,screen capturing,Linux,RTCMultiConnection,screen recording,Collaborative,data channels ,HTML, socket.io,Conversation.js,library,bandwidth,WebGL,Canvas, file sharing,media streaming,video conferencing""",javascript;html;json;xml;linux;unix;webrtc;multistream;mixer;rtc;multiconnection;stats;file;buffer;reader;screenld;translator;nodejs;webgl;css;curvature;websync;data;channel;conversation;,javascript;webrtc;extensions;android;screen;capturing;linux;rtc;multiconnection;screen;recording;collaborative;data;channels;html;socket;conversationjs;library;bandwidth;webgl;canvas;file;sharing;media;streaming;video;conferencing;
